{
  "IcoMoonType": "selection",
  "icons": [
    {
      "icon": {
        "paths": [
          "M153.5 512.2c0-81.475 32.366-159.611 89.977-217.224 57.61-57.61 135.749-89.976 217.223-89.976h3686.397c81.485 0 159.616 32.366 217.216 89.976 57.626 57.613 89.984 135.749 89.984 217.224s-32.358 159.613-89.984 217.224c-57.6 57.61-135.731 89.976-217.216 89.976h-3686.397c-81.475 0-159.613-32.366-217.223-89.976-57.611-57.61-89.977-135.749-89.977-217.224z"
        ],
        "attrs": [
          {}
        ],
        "width": 4608,
        "isMulticolor": false,
        "isMulticolor2": false,
        "grid": 0,
        "tags": [
          "line-opener"
        ]
      },
      "attrs": [
        {}
      ],
      "properties": {
        "order": 29,
        "id": 0,
        "name": "line-opener",
        "prevSize": 32
      },
      "setIdx": 0,
      "setId": 6,
      "iconIdx": 0
    }
  ],
  "height": 1024,
  "preferences": {
    "showGlyphs": true,
    "showQuickUse": true,
    "showQuickUse2": true,
    "showSVGs": true,
    "fontPref": {
      "prefix": "icon-",
      "metadata": {
        "fontFamily": "icomoon"
      },
      "metrics": {
        "emSize": 1024,
        "baseline": 6.25,
        "whitespace": 50
      },
      "embed": false
    },
    "imagePref": {
      "prefix": "icon-",
      "png": true,
      "useClassSelector": true,
      "color": 0,
      "bgColor": 16777215,
      "classSelector": ".icon",
      "name": "icomoon"
    },
    "historySize": 50,
    "showCodes": true,
    "gridSize": 16
  }
}